NAUX-S3-TRUSTED-THESIS-AUDIT	1
scope	S3
profile	trusted-thesis-candidate
target	x86_64-unknown-linux-gnu
audit-policy	1.0.0
carrier-schema	0.1.0
carrier-policy	1.0.0
process-schema	0.1.0
process-policy	1.0.0
ipc-schema	1.0.0
cases	12
frame-bytes	715
wp1-commit	b9a08dfa8504a444c5274ead25fc72d3f67d0ac7
wp1-ci-run	32567172382
wp2-commit	8df287de8e03619df13f93ec775be2d2e86ec0f8
wp2-ci-run	32571897151
root	source	e421ce08fd53c0fe9c0d0be75d202110e96699f89918ed8f8217fdc5416e3652
root	request	6738f1f7f820ba57a311de4b6e85a4c497f06bd1de91fd46a651c092710e62d4
root	corpus	150029f8e9c0ae58c7b70fbaa7881fadecd315608f7e36d91d5158678dd73a46
root	core	d31b07ed7f9ed0bf038bad8cb368f1f53b48ce6adab7d56e18601f68da8c8ac1
root	ssa	fbbfc3f60ffe6e936b81f2a535d8d43c5bf4318793d9b51803041745f79eb825
root	machine-ir	93d9c76e64a6f068fde1fb6574888300204b870083d31e1bebdbbbaade56e57e
root	target	573ca6f8d1f5190dbbd6d2fe15abff4ba4ab1fa58c24ca5e10fddc6bf51178ee
root	target-plan	b50221274d30505f758a50d546892b2e3cb81b44c60482766cd72cea8e0a3e56
root	target-code	bea1358d78cda633a106589cd7cc54e25be7209632785be052a62b58c14d46cd
root	carrier-results	661914e708e3a7b903e82eb9e4681e3f5646dff3baa8113efeb2c6ed50e02791
root	carrier-evidence	157c8947fd432951ec5cdefca3879992726d4e0b9ade98937ec4f8f66c11efc2
root	carrier-report	5a770f0a8034656652bf8b978f54207761cc1231711e656f5037e0a6b096815e
root	process-results	bd835a82c5b1d9cf8f3cd8bbed6517b40132b6d7bf7eab781435882fa661b6e7
root	process-evidence	6677a52ec741ee3cda867191a2cc5bc8f161414dbf05038c30ecc3363c8b9978
root	process-report	eef6f4dc99b75fb3504310a014dc77b85e719cb06aac6f81c3f013447a494ca0
tcb-seal	4c4bce2f769042e1b9d21cf4b11a71c70168eb73651a63fa6d266959eda6e874
experiments-seal	ae20b0164a4ff6705e7b5174fd4f824501bea1d7c5b6cec48e8589d4bba8f3ab
files	15
file	0644	16959	ff780cd579d7ae8bc89e74e43f87cc754885fa0cdc9dc670b646be7416e99173	.github/workflows/ci.yml
file	0644	23078	834d5158b49ccbb5cf62f36de3c9a9b431c027bba27cf6bfa66a22c30167ea11	Cargo.lock
file	0644	82	a69a0e4261b0365385234a19b0ffa5ee2e90451f9e36c386ed79c00c9f66b510	Cargo.toml
file	0644	2119	4f1c2af0a7f3634547dd2a9c5cddf06e73dc1eeb4ac6fb0edbdecd2efc6ba75f	distribution/README.md
file	0644	2723	2f21bf534102676351f156ab23e3579fb02c0c0a0cc997364bba58bc4c4b4e1b	distribution/s3-thesis/EXPERIMENTS.tsv
file	0644	1363	8377fbc4d2f49484cc1c558e3cc7c0c3ba01106a30569ee221fd2db89c47c3b5	distribution/s3-thesis/LIMITATIONS.md
file	0644	2369	92700f34f5d8d8822ce21ff65aaea9a1a806bf7d2037961fa97602db12829bc0	distribution/s3-thesis/TCB.tsv
file	0644	1062	5e57d2f6c272250b04ea2bf69f9c783e9904537039fa62106ec0c578c3366285	naux-lang/Cargo.toml
file	0644	819	50f2390f329fceb8e60cb2657b1136667246a81102e673f3d6a34e083980dd4b	naux-lang/src/bin/naux_surface_native_t1.rs
file	0644	1340	5bc861407ce29c5eaa6c006cd6846d9766a10f2c744d702b97e8d97e6c344f98	naux-lang/src/bin/naux_surface_native_t1_process.rs
file	0644	6630	5e4feacbc6f3e3b8891c3306bb441cbf886d2a9e8f9db14d02c928b29967f285	naux-lang/src/bin/naux_surface_native_t1_worker.rs
file	0644	36690	65c3019ca4e4b3eef1e281c3dc561c950947f137dcd96b86817eb620dfa78991	naux-lang/src/thesis_surface_native.rs
file	0644	34835	d0a17f72fae3ea869f579d492780bb66bfc53c00468a0c4f716423f28805bb79	naux-lang/src/thesis_surface_native_process.rs
file	0644	36276	f2181e810f2814173c5aca8cd3213e8fa07af1c10956d58e542f3d6a4b14609b	scripts/s3_thesis_audit.py
file	0644	29985	282e3cdb07ea87533b599c67783a2423a69b91c196bdf416679022fd615082d7	scripts/tests/test_s3_thesis_audit.py
seal	6fe6a1a75f003d491edf3dad6a36d4c8b115de94d4489f7bf9d2d12b3906ffe0
