NAUX-S4-MEASUREMENT-EVIDENCE-LAW-AUTHORITY	1
meta	scope	S4
meta	work-package	S4-WP7A
meta	authority-id	s4-measurement-evidence-law-v1
meta	law-status	evidence-law-admitted
meta	claim-status	not-admitted
meta	timing-status	forbidden
meta	file-count	7
component	evidence-law	distribution/s4-performance/WP7A-EVIDENCE.tsv	f064135a25638c4c8d94c5e973805220763ed075497388c3b7310f4ae60acb60
parent	measurement-boundary-authority	distribution/s4-performance/WP4-AUTHORITY.tsv	bda4409f32e1afe162b68401529d127cf4a77077df000826823d2660ee4ade26
parent	residual-role-authority	distribution/s4-performance/WP5F-AUTHORITY.tsv	1d85ad923f5db2eb520cee9d3582bbc97f63b711c67d5d4b44d5859fb0fa92bd
parent	controlled-host-protocol-authority	distribution/s4-performance/WP6-AUTHORITY.tsv	3062a5197fa1fcbe50f60b624b75b2be37c55a0c1193d1eeeffc03e7f03caaf0
file	100644	965	d907716c4a445100412e40957602755e88a787dfdcef2b0760bc04a3fb41b34d	.github/workflows/s4-measurement-evidence.yml	evidence-law
file	100644	2711	554b6714c427591e68e88e383cfda116719b9cbd3f87bed09e1795a08d4e680a	distribution/s4-performance/WP7A-EVIDENCE.tsv	evidence-law
file	100644	793	ceea4bfe18ff58249c8d06ff45f95cf4116ef7464e33356c9d9420ecbf137b3e	distribution/s4-performance/WP7A-NONCLAIMS.md	evidence-law
file	100644	968	35e7471301a394d2530141003307ee4594dc41ef258718b737fbbbf1cf039636	distribution/s4-performance/WP7A-README.md	evidence-law
file	100644	23034	e8e7c3a0b00444c9051c71bb9d37ba8d4d1378540e652359b743c2d1f7e134f7	scripts/s4_measurement_evidence.py	evidence-law
file	100644	6005	55365819bdb9d51ef89b3de57f24e5d8714260552f03536880dc0adaa2741ce2	scripts/tests/test_s4_measurement_evidence_replay.py	evidence-law
file	100644	3682	718f7e97e1491319674f66b3b93c12a7a774103320c4dfccf976d1e52138ec5e	scripts/tests/test_s4_measurement_evidence_static.py	evidence-law
seal	7e10bc03b30b532f05e67c6f6d3ce80d7430125bcae7b9e3824c86cfc233f0bc
