NAUX-S4-REGISTER-RESIDENCY-ENCODING-CONTRACT	1
meta	policy-version	1.0.0
meta	parent-wp8c-contract	5c34570988951e9a17c277bd823373b4f58e1bced6be3340d3e4010d24662989
meta	parent-wp8c-authority	736d5a466beab724ef5346997ece214e9b10df170f0578f58be13089c4e6b6d0
meta	parent-wp8c-plan-report-root	8953eaeba2f3ab88d8259eae65d000b547bd50ba9dda8f1b5d73a249467fa677
meta	parent-wp8c-admission-root	e30b381d58affe314ef0e2b246915834107dce13b1b36e57f5edf0619ad0f6f2
meta	frozen-wp5d-contract	4219b6842f92d659daa4ed5bc144ae312710010d7f763b0e27bfd4ba3957518c
meta	frozen-wp5d-source-sha256	1424d65d5c108095b9179b1af7280c688d64dfd5006d1249c7ef6286e5a36a0f
meta	transform-id	one-hot-loop-index-r12-v1
meta	target	x86_64-unknown-linux-gnu
meta	status	encoding-contract-admitted
meta	implementation-status	absent
meta	candidate-bytes-status	absent
meta	native-execution-status	forbidden
meta	measurement-status	forbidden
meta	claim-status	not-admitted
meta	encoding-model	symbolic-width-and-placement-v1
meta	callee-save-home	promoted-slot-abi-shadow
meta	frame-policy	exact-wp5d-frame-bytes
meta	cfg-policy	exact-wp8c-blocks-and-terminators
meta	rollback-policy	exact-wp5d-target
meta	kernel-count	4
gate	01	parent-chain	required	exact-wp8c-contract-authority-and-report-roots
gate	02	baseline-chain	required	exact-wp5d-contract-source-and-target-identities
gate	03	encoding-surface	required	exact-four-symbolic-templates-only
gate	04	callee-save	required	r12-saved-in-promoted-slot-before-entry-block
gate	05	callee-restore	required	r12-restored-on-every-return
gate	06	error-path	required	nonreturning-error-suffix-never-restores-or-rejoins
gate	07	frame	required	exact-wp5d-frame-immediate-and-home-layout
gate	08	control-flow	required	exact-wp8c-block-terminator-and-fixup-target-shape
gate	09	passthrough	required	all-unselected-operations-use-frozen-wp5d-lowering
gate	10	transformed-sites	required	exact-wp8c-read-and-write-sites-only
gate	11	byte-budget	required	exact-symbolic-width-accounting-and-strict-decrease
gate	12	rollback	required	any-failed-gate-retains-exact-wp5d-target
gate	13	quarantine	required	no-candidate-byte-artifact-execution-or-measurement
gate	14	claim-boundary	required	not-admitted
template	01	abi-save	caller-r12-to-promoted-shadow	mov-rm64-r64	rbp-disp32	7	once-after-frame-allocation
template	02	load-physical	r12-to-result-home	mov-rm64-r64	rbp-disp32	7	exact-wp8c-read-sites
template	03	store-physical	value-home-to-r12	mov-r64-rm64	rbp-disp32	7	exact-wp8c-write-sites
template	04	abi-restore	promoted-shadow-to-caller-r12	mov-r64-rm64	rbp-disp32	7	once-before-each-return
kernel	01	sum-dense	97d8699e9449d53f4f3c9386839099be194b7db985709122092dfac3eacb8f2d	98e3ac1191dbb078730f024f12a8f4b310f542bfed72830b32cfce127b705e27	6e20cd38880cecb4a37532735d9c1cad84dc6b79eec5432b6fbf0a7fd62d2df8	288	s5	-48	3	2	5	70	35	7	7	1	993	972	21	979	958
kernel	02	branch-mix	8095c962d36b2a6876770412feac0df8fdd5f4e3627481f97f6b78f9bc489888	68ef1e141aac58454b2b1dde0bcf8d2ea100c4faa1ee43323ce121b6471a86ad	ab9b853e71b7ac1675446affa9d02e16f514bb0bbb9ca688f3d3361981da620d	352	s6	-56	3	2	5	70	35	7	7	1	1188	1167	21	1174	1153
kernel	03	dot-product	b2fa698b60cb29e50d14e7f56650d1f09657562e3160e99bc7930e60f7c9e857	c3a3bb75473b90689646c413552de32005ea27594d0565b72cc1984c731b7a3b	b11082e8f079692a34559ba979dfd95e29da232ffbc85ad543b37d44e2a3271d	288	s5	-48	3	2	5	70	35	7	7	1	950	929	21	936	915
kernel	04	list-update	c6ac1a97cad0ec0529e7f5f49bb91d316fa63a2b9abb2c7452a0040fe4150199	de4e36706adc23c47bae3c95d0b45719867684423897b59b462e0cd937c6f982	b7ba7ad25cf0209c355074130032c3b37adc8fe35cae4a926b4c5ff8103ad336	336	s5	-48	4	2	6	84	42	7	7	1	1071	1043	28	1057	1029
verification	no-candidate-byte-payload
verification	exact-width-equation-per-kernel
verification	promoted-slot-is-caller-r12-shadow-only
verification	unchanged-frame-cfg-error-suffix-and-rollback
seal	846b18f6ccebeaf79bb995e64713bc9fe892d8af650643dd40c6f1e3ab869e27
