NAUX-S4-REGISTER-RESIDENCY-CANDIDATE-CONTRACT	1
meta	policy-version	1.0.0
meta	parent-wp8d-contract	ebe81a4dce396afa1b510b470c331bf63aa7d8d3acb898079c0c6f68c07c43a6
meta	parent-wp8d-authority	38418de42556a3c8962a880c7a4a5be4d7504d93a47259841f2ab612da255e36
meta	parent-wp8c-plan-report-root	0c5c3d20542654039b2cce6c1e4ce3bb6ac44a18ed1446168bf39f02b95400c9
meta	frozen-wp5d-source-sha256	1424d65d5c108095b9179b1af7280c688d64dfd5006d1249c7ef6286e5a36a0f
meta	transform-id	one-hot-loop-index-r12-v1
meta	target	x86_64-unknown-linux-gnu
meta	status	candidate-function-bytes-structurally-admitted
meta	artifact-status	function-bytes-only
meta	elf-status	absent
meta	native-execution-status	forbidden
meta	measurement-status	forbidden
meta	claim-status	not-admitted
meta	report-root	605153686e716e2d9ea3c20b44c41d9c0e4b85a3369b4e091c467a8b8db68fd5
meta	report-sha256	d88e8f5860e001e5f643858b1b4be034168ab64497e80345a7aaef2eb23ad4fa
meta	report-bytes	20241
meta	report-lines	234
meta	kernel-count	4
gate	01	parent-chain	required	exact-wp8d-contract-and-authority
gate	02	determinism	required	byte-identical-double-emission
gate	03	report-identity	required	domain-root-and-document-sha256
gate	04	prologue	required	exact-wp5d-prologue-plus-seven-byte-r12-save
gate	05	transformed-sites	required	exact-wp8c-load-and-store-sites-only
gate	06	passthrough	required	exact-wp5d-bytes-except-rebound-external-rel32
gate	07	control-flow	required	all-block-and-error-targets-independently-decoded
gate	08	return	required	seven-byte-r12-restore-before-every-return
gate	09	error-suffix	required	exact-wp5d-nonreturning-suffix
gate	10	byte-budget	required	exact-wp8d-size-and-error-offset-equations
gate	11	negative-tests	required	opcode-abi-fixup-receipt-and-unadmitted-template-mutations
gate	12	quarantine	required	no-elf-execution-clock-or-measurement
gate	13	rollback	required	failed-verification-retains-wp5d-target
gate	14	claim-boundary	required	not-admitted
kernel	01	sum-dense	97d8699e9449d53f4f3c9386839099be194b7db985709122092dfac3eacb8f2d	98e3ac1191dbb078730f024f12a8f4b310f542bfed72830b32cfce127b705e27	993	972	958	5	1	84578fc8a90dcfeb655e984dee5677c4a1164e866378825fd276a95ecf28e7ef
kernel	02	branch-mix	8095c962d36b2a6876770412feac0df8fdd5f4e3627481f97f6b78f9bc489888	68ef1e141aac58454b2b1dde0bcf8d2ea100c4faa1ee43323ce121b6471a86ad	1188	1167	1153	5	1	362c5dc7b3857358d2826b0a2f2dcbe376920514d948844a08c2b4433343ed42
kernel	03	dot-product	b2fa698b60cb29e50d14e7f56650d1f09657562e3160e99bc7930e60f7c9e857	c3a3bb75473b90689646c413552de32005ea27594d0565b72cc1984c731b7a3b	950	929	915	5	1	87ab3713c01593e5746e331ddf363fd500699d74c40d3b5db19ff72c2bc2b41a
kernel	04	list-update	c6ac1a97cad0ec0529e7f5f49bb91d316fa63a2b9abb2c7452a0040fe4150199	de4e36706adc23c47bae3c95d0b45719867684423897b59b462e0cd937c6f982	1071	1043	1029	6	1	a0b5e4316250342f7c9739d4adf021036b3badcdef7f62a0aec7c4b2c79b6c17
verification	independent-byte-parser-accepted
verification	no-elf-no-execution-no-measurement
seal	179c724165ee4fdb8965f0f196294310723dbd70d0127dbba0afe039c14d529c
